<?xml version="1.0"?>
<!--
/**
 * Magestore
 *
 * NOTICE OF LICENSE
 *
 * This source file is subject to the Magestore.com license that is
 * available through the world-wide-web at this URL:
 * http://www.magestore.com/license-agreement.html
 *
 * DISCLAIMER
 *
 * Do not edit or add to this file if you wish to upgrade this extension to newer
 * version in the future.
 *
 * @category    Magestore
 * @package     Magestore_Bannerslider
 * @copyright   Copyright (c) 2012 Magestore (http://www.magestore.com/)
 * @license     http://www.magestore.com/license-agreement.html
 */
-->
<config xmlns:xsi="http://www.w3.org/2001/XMLSchema-instance" xsi:noNamespaceSchemaLocation="urn:magento:module:Magento_Config:etc/system_file.xsd">
    <system>
        <tab id="magestore" translate="label" sortOrder="450">
            <label>magestore</label>
        </tab>
        <section id="bannerslider" translate="label" type="text" sortOrder="300" showInDefault="1" showInWebsite="1" showInStore="1">
            <class>separator-top</class>
            <label>Banner Slider</label>
            <tab>magestore</tab>
            <resource>Magestore_Bannerslider::config_bannerslider</resource>
            <group id="general" translate="label" type="text" sortOrder="5" showInDefault="1" showInWebsite="1" showInStore="1">
                <label>General</label>
                <field id="enable_frontend" translate="label comment" type="select" sortOrder="0"  showInDefault="1" showInWebsite="1" showInStore="1">
                    <label>Enable</label>
                    <comment>Enable frontend</comment>
                    <source_model>Magento\Config\Model\Config\Source\Yesno</source_model>
                </field>
                 <field id="showbanner" translate="label comment" type="select" sortOrder="0"  showInDefault="1" showInWebsite="1" showInStore="1">
                    <label>Show Banner on Home page</label>
                    <comment>Show Banner on Home page</comment>
                    <source_model>Magento\Config\Model\Config\Source\Yesno</source_model>
                </field>
                <field id="showvideo" translate="label comment" type="select" sortOrder="0"  showInDefault="1" showInWebsite="1" showInStore="1">
                    <label>Show Video on Home page</label>
                    <comment>Show Video on Home page</comment>
                    <source_model>Magento\Config\Model\Config\Source\Yesno</source_model>
                </field>
            </group>
            <group id="implement" translate="label" type="text" sortOrder="6" showInDefault="1" showInWebsite="1" showInStore="1">
                <label>Implement Code</label>
                <frontend_model>Magestore\Bannerslider\Block\Adminhtml\System\Config\Implementcode</frontend_model>
            </group>
        </section>
    </system>
</config>
