<?xml version="1.0"?>
<!--
/**
 * Solwin Infotech
 * Solwin Featured Product Extension
 * 
 * @category   Solwin
 * @package    Solwin_FeaturedPro
 * @copyright  Copyright © 2006-2016 Solwin (https://www.solwininfotech.com)
 * @license    https://www.solwininfotech.com/magento-extension-license/
 */
 -->
<config xmlns:xsi="http://www.w3.org/2001/XMLSchema-instance" xsi:noNamespaceSchemaLocation="urn:magento:framework:Acl/etc/acl.xsd">
    <acl>
        <resources>
            <resource id="Magento_Backend::admin">
                <resource id="Solwin_Base::elements" title="Solwin" sortOrder="168231">
                    <resource id="Solwin_FeaturedPro::base" title="Featured Product" sortOrder="10" />
                </resource>
                <resource id="Magento_Backend::stores">
                    <resource id="Magento_Backend::stores_settings">
                        <resource id="Magento_Config::config">
                            <resource id="Solwin_FeaturedPro::config" title="Featured Product Section" />
                        </resource>
                    </resource>
                </resource>
            </resource>
        </resources>
    </acl>
</config>