<?xml version="1.0" encoding="UTF-8"?>
<!--
/**
 * Solwin Infotech
 * Solwin Featured Product Extension
 * 
 * @category   Solwin
 * @package    Solwin_FeaturedPro
 * @copyright  Copyright © 2006-2016 Solwin (https://www.solwininfotech.com)
 * @license    https://www.solwininfotech.com/magento-extension-license/
 */
 --> 
<widgets xmlns:xsi="http://www.w3.org/2001/XMLSchema-instance" xsi:noNamespaceSchemaLocation="urn:magento:module:Magento_Widget:etc/widget.xsd">
    <widget id="featured_widget" class="Solwin\FeaturedPro\Block\Widget\FeaturedList">
        <label translate="true">Featured Product</label>
        <description>Featured Product Widget</description>
        <parameters>
            <parameter name="widget_title" xsi:type="text" visible="true" required="true" sort_order="0" >
                <label translate="true">Title</label>
            </parameter>
            <parameter name="widget_limit" xsi:type="text" visible="true" required="true" sort_order="10">
                <label translate="true">Items</label>
            </parameter>
        </parameters>
    </widget> 
</widgets>