<S:Envelope xmlns:S="http://schemas.xmlsoap.org/soap/envelope/">
   <S:Body>
      <ns2:SizeGridLookupResponse xmlns:ns2="http://stk.ws.fbsaust.com.au">
         <SizeGrid>
            <namekey>L510</namekey>
            <description_1>LADIES 5 TO 10</description_1>
            <description_2/>
            <size_1>5</size_1>
            <size_2>6</size_2>
            <size_3>7</size_3>
            <size_4>8</size_4>
            <size_5>9</size_5>
            <size_6>10</size_6>
            <size_7/>
            <size_8/>
            <size_9/>
            <size_10/>
            <size_11/>
            <size_12/>
            <size_13/>
            <size_14/>
            <size_15/>
            <size_16/>
            <size_17/>
            <size_18/>
            <size_19/>
            <size_20/>
         </SizeGrid>
         <SizeGrid>
            <namekey>M613</namekey>
            <description_1>MENS SIZES 6 TO 13</description_1>
            <description_2/>
            <size_1>6</size_1>
            <size_2>7</size_2>
            <size_3>8</size_3>
            <size_4>9</size_4>
            <size_5>10</size_5>
            <size_6>11</size_6>
            <size_7>12</size_7>
            <size_8>13</size_8>
            <size_9/>
            <size_10/>
            <size_11/>
            <size_12/>
            <size_13/>
            <size_14/>
            <size_15/>
            <size_16/>
            <size_17/>
            <size_18/>
            <size_19/>
            <size_20/>
         </SizeGrid>
         <SizeGrid>
            <namekey>ALLS</namekey>
            <description_1>All Sizes</description_1>
            <description_2/>
            <size_1>ALL</size_1>
            <size_2/>
            <size_3/>
            <size_4/>
            <size_5/>
            <size_6/>
            <size_7/>
            <size_8/>
            <size_9/>
            <size_10/>
            <size_11/>
            <size_12/>
            <size_13/>
            <size_14/>
            <size_15/>
            <size_16/>
            <size_17/>
            <size_18/>
            <size_19/>
            <size_20/>
         </SizeGrid>
         <SizeGrid>
            <namekey>KM</namekey>
            <description_1>K-MART SIZE RUNS</description_1>
            <description_2/>
            <size_1>1</size_1>
            <size_2>2</size_2>
            <size_3>3</size_3>
            <size_4>4</size_4>
            <size_5>5</size_5>
            <size_6>6</size_6>
            <size_7>7</size_7>
            <size_8>8</size_8>
            <size_9>9</size_9>
            <size_10>10</size_10>
            <size_11>11</size_11>
            <size_12>12</size_12>
            <size_13>13</size_13>
            <size_14>14</size_14>
            <size_15/>
            <size_16/>
            <size_17/>
            <size_18/>
            <size_19/>
            <size_20/>
         </SizeGrid>
         <SizeGrid>
            <namekey>L511</namekey>
            <description_1>LADIES SIZES 5 TO 11</description_1>
            <description_2/>
            <size_1>5</size_1>
            <size_2>6</size_2>
            <size_3>7</size_3>
            <size_4>8</size_4>
            <size_5>9</size_5>
            <size_6>10</size_6>
            <size_7>11</size_7>
            <size_8/>
            <size_9/>
            <size_10/>
            <size_11/>
            <size_12/>
            <size_13/>
            <size_14/>
            <size_15/>
            <size_16/>
            <size_17/>
            <size_18/>
            <size_19/>
            <size_20/>
         </SizeGrid>
         <SizeGrid>
            <namekey>M414</namekey>
            <description_1>MENS SIZES 4 TO 14 INC HALVES</description_1>
            <description_2/>
            <size_1>4</size_1>
            <size_2>5</size_2>
            <size_3>5.5</size_3>
            <size_4>6</size_4>
            <size_5>6.5</size_5>
            <size_6>7</size_6>
            <size_7>7.5</size_7>
            <size_8>8</size_8>
            <size_9>8.5</size_9>
            <size_10>9</size_10>
            <size_11>9.5</size_11>
            <size_12>10</size_12>
            <size_13>10.5</size_13>
            <size_14>11</size_14>
            <size_15>11.5</size_15>
            <size_16>12</size_16>
            <size_17>13</size_17>
            <size_18>14</size_18>
            <size_19/>
            <size_20/>
         </SizeGrid>
         <SizeGrid>
            <namekey>K113</namekey>
            <description_1>KIDS SIZES 1 TO 13</description_1>
            <description_2/>
            <size_1>1</size_1>
            <size_2>2</size_2>
            <size_3>3</size_3>
            <size_4>4</size_4>
            <size_5>5</size_5>
            <size_6>6</size_6>
            <size_7>7</size_7>
            <size_8>8</size_8>
            <size_9>9</size_9>
            <size_10>10</size_10>
            <size_11>11</size_11>
            <size_12>12</size_12>
            <size_13>13</size_13>
            <size_14/>
            <size_15/>
            <size_16/>
            <size_17/>
            <size_18/>
            <size_19/>
            <size_20/>
         </SizeGrid>
         <SizeGrid>
            <namekey>HSIZ</namekey>
            <description_1>HOSIERY SIZES</description_1>
            <description_2/>
            <size_1>S</size_1>
            <size_2>S/M</size_2>
            <size_3>M</size_3>
            <size_4>M/L</size_4>
            <size_5>L</size_5>
            <size_6>XL</size_6>
            <size_7>XXL</size_7>
            <size_8/>
            <size_9/>
            <size_10/>
            <size_11/>
            <size_12/>
            <size_13/>
            <size_14/>
            <size_15/>
            <size_16/>
            <size_17/>
            <size_18/>
            <size_19/>
            <size_20/>
         </SizeGrid>
         <SizeGrid>
            <namekey>NS</namekey>
            <description_1>NO SIZE</description_1>
            <description_2/>
            <size_1>NS</size_1>
            <size_2/>
            <size_3/>
            <size_4/>
            <size_5/>
            <size_6/>
            <size_7/>
            <size_8/>
            <size_9/>
            <size_10/>
            <size_11/>
            <size_12/>
            <size_13/>
            <size_14/>
            <size_15/>
            <size_16/>
            <size_17/>
            <size_18/>
            <size_19/>
            <size_20/>
         </SizeGrid>
         <SizeGrid>
            <namekey>ETS</namekey>
            <description_1>ELECTRONIC SIZES</description_1>
            <description_2/>
            <size_1>600</size_1>
            <size_2>900</size_2>
            <size_3>1200</size_3>
            <size_4/>
            <size_5/>
            <size_6/>
            <size_7/>
            <size_8/>
            <size_9/>
            <size_10/>
            <size_11/>
            <size_12/>
            <size_13/>
            <size_14/>
            <size_15/>
            <size_16/>
            <size_17/>
            <size_18/>
            <size_19/>
            <size_20/>
         </SizeGrid>
         <SizeGrid>
            <namekey>L512</namekey>
            <description_1>LADIES 5 TO 12 INCLUDING HALVES</description_1>
            <description_2/>
            <size_1>5</size_1>
            <size_2>6</size_2>
            <size_3>6H</size_3>
            <size_4>7</size_4>
            <size_5>7H</size_5>
            <size_6>8</size_6>
            <size_7>8H</size_7>
            <size_8>9</size_8>
            <size_9>9H</size_9>
            <size_10>10</size_10>
            <size_11>10H</size_11>
            <size_12>11</size_12>
            <size_13>12</size_13>
            <size_14/>
            <size_15/>
            <size_16/>
            <size_17/>
            <size_18/>
            <size_19/>
            <size_20/>
         </SizeGrid>
         <SizeGrid>
            <namekey>LHLF</namekey>
            <description_1>LADIES HALF SIZES 5 TO 11</description_1>
            <description_2/>
            <size_1>5</size_1>
            <size_2>6</size_2>
            <size_3>6H</size_3>
            <size_4>7</size_4>
            <size_5>7H</size_5>
            <size_6>8</size_6>
            <size_7>8H</size_7>
            <size_8>9</size_8>
            <size_9>9H</size_9>
            <size_10>10</size_10>
            <size_11>10H</size_11>
            <size_12>11</size_12>
            <size_13/>
            <size_14/>
            <size_15/>
            <size_16/>
            <size_17/>
            <size_18/>
            <size_19/>
            <size_20/>
         </SizeGrid>
      </ns2:SizeGridLookupResponse>
   </S:Body>
</S:Envelope>