<?xml version="1.0"?>
<config xmlns:xsi="http://www.w3.org/2001/XMLSchema-instance" xsi:noNamespaceSchemaLocation="urn:magento:framework:Acl/etc/acl.xsd">
    <acl>
        <resources>
            <resource id="Magento_Backend::admin">
                <!--<resource id="Magento_Backend::content">-->
                    <resource id="FF_Homepage::ff_head" title="Famous Footwear Modules" sortOrder="50" >
                        <resource id="FF_Homepage::promobanners" title="Promotional Banners" sortOrder="10" />                            
                            
                        
                       
                    </resource>
                <!--</resource>-->
            </resource>
        </resources>
    </acl>
</config>